{
  "version": 1,
  "author": "Beny Frid",
  "editor": "wokwi",
  "parts": [
    { "type": "board-esp32-s3-devkitc-1", "id": "esp", "top": 0, "left": 0, "attrs": {} },
    {
      "type": "wokwi-led",
      "id": "led1",
      "top": 172.95,
      "left": -127.88,
      "attrs": { "color": "blue" }
    },
    {
      "type": "wokwi-led",
      "id": "led2",
      "top": 121.68,
      "left": -142.77,
      "attrs": { "color": "cyan" }
    },
    {
      "type": "wokwi-led",
      "id": "led3",
      "top": 21.61,
      "left": -172.82,
      "attrs": { "color": "orange" }
    },
    {
      "type": "wokwi-led",
      "id": "led4",
      "top": 67.96,
      "left": -156.66,
      "attrs": { "color": "purple" }
    },
    {
      "type": "wokwi-pushbutton",
      "id": "btn1",
      "top": -63.14,
      "left": 52.6,
      "attrs": { "color": "red" }
    },
    {
      "type": "wokwi-pushbutton",
      "id": "btn2",
      "top": -126.08,
      "left": 84.25,
      "attrs": { "color": "green" }
    },
    {
      "type": "wokwi-buzzer",
      "id": "bz1",
      "top": 236.08,
      "left": 151.53,
      "attrs": { "volume": "0.1" }
    },
    {
      "type": "wokwi-photoresistor-sensor",
      "id": "ldr1",
      "top": 286.37,
      "left": -207.36,
      "attrs": {}
    },
    {
      "type": "wokwi-resistor",
      "id": "r1",
      "top": -28.34,
      "left": -95.58,
      "attrs": { "value": "1000" }
    }
  ],
  "connections": [
    [ "esp:TX", "$serialMonitor:RX", "", [] ],
    [ "esp:RX", "$serialMonitor:TX", "", [] ],
    [ "led1:C", "esp:GND.1", "green", [ "v0" ] ],
    [ "led2:C", "esp:GND.1", "green", [ "v0" ] ],
    [ "led4:C", "esp:GND.1", "green", [ "v0" ] ],
    [ "led3:C", "esp:GND.1", "green", [ "v0" ] ],
    [ "esp:5", "led3:A", "orange", [ "h0" ] ],
    [ "esp:15", "led4:A", "purple", [ "h0" ] ],
    [ "esp:10", "led2:A", "cyan", [ "h0" ] ],
    [ "esp:14", "led1:A", "blue", [ "h-106.15", "v10.63" ] ],
    [ "ldr1:VCC", "esp:5V", "red", [ "h0" ] ],
    [ "ldr1:GND", "esp:GND.1", "black", [ "h11.9", "v-82.99" ] ],
    [ "ldr1:AO", "esp:12", "gray", [ "h31.15", "v-139.69" ] ],
    [ "bz1:2", "esp:19", "#8f4814", [ "v50.37", "h-103.88", "v-157.07" ] ],
    [ "bz1:1", "esp:GND.4", "green", [ "v13.44", "h-83.71", "v-100.94" ] ],
    [ "r1:2", "esp:3V3.1", "green", [ "v0" ] ],
    [ "r1:1", "btn1:2.l", "green", [ "v0" ] ],
    [ "r1:1", "btn2:2.l", "green", [ "v0" ] ],
    [ "btn1:1.r", "esp:40", "white", [ "h10.78", "v146.32" ] ],
    [ "btn2:1.r", "esp:36", "white", [ "v0" ] ]
  ]
}